{"cameraMode":{"drawMode":0,"name":"Shaded","section":"Shading Mode"},"sceneLighting":false,"audioPlay":false,"sceneViewState":{"showFog":true,"showMaterialUpdate":false,"showSkybox":false,"showFlares":true,"showImageEffects":true,"showParticleSystems":true},"in2DMode":false,"pivot":{"x":21.817119598388673,"y":0.9763298034667969,"z":-0.014441251754760743},"rotation":{"x":-0.030005117878317834,"y":-0.006600125227123499,"z":0.0002000649692490697,"w":-0.9995405673980713},"size":2.0333669185638429,"orthographic":false}